<?xml version="1.0" encoding="UTF-8" ?>
<!DOCTYPE mapper
        PUBLIC "-//mybatis.org//DTD Mapper 3.0//EN"
        "https://mybatis.org/dtd/mybatis-3-mapper.dtd">

<mapper namespace="com.dbteam.xml.adoption.AdoptionMapper">
    <resultMap id="adoptionResultMap" type="com.dbteam.common.dtopackage.AdoptionDTO">
        <id property="adoptionNum" column="adoption_num"/>
        <result property="adoptionName" column="adoption_name"/>
        <result property="adoptionTxt" column="adoption_txt"/>
        <result property="userNum" column="user_num"/>
    </resultMap>

    <!-- -->
    <insert id="insertAdoption" parameterType="com.dbteam.common.dtopackage.AdoptionDTO">
        INSERT INTO adoption (
            adoption_name
            , adoption_txt
            , user_num
        )
        VALUES (
            #{ adoptionName }
            , #{ adoptionTxt }
            , #{ userNum }
        )
    </insert>

    <delete id="deleteAdoption" parameterType="_int">
        DELETE
        FROM adoption
        WHERE adoption_num = #{ adoptionNum }
    </delete>

    <select id="selectAllMenu" resultMap="adoptionResultMap">
        SELECT adoption_num
              ,adoption_name
              ,adoption_txt
              ,user_num
        FROM adoption

    </select>

<!--    <select id="searchAdoptionName" parameterType="com.dbteam.xml.adoption.SearchAdoptionName" resultMap="adoptionResultMap">-->
<!--    SELECT adoption_num-->
<!--        ,adoption_name-->
<!--        ,adoption_txt-->
<!--        ,user_num-->
<!--        FROM adoption-->
<!--        WHERE adoption_name LIKE CONCAT('%', #{ value }, '%')-->
<!--    </select>-->

    <select id="searchAdoptionByName" resultMap="adoptionResultMap">
        SELECT adoption_num
              ,adoption_name
              ,adoption_txt
              ,user_num
        FROM adoption
        WHERE adoption_name LIKE CONCAT('%', #{adoptionName}, '%')
    </select>



</mapper>