<?xml version="1.0" encoding="UTF-8" ?>
<!DOCTYPE mapper
        PUBLIC "-//mybatis.org//DTD Mapper 3.0//EN"
        "https://mybatis.org/dtd/mybatis-3-mapper.dtd">
<mapper namespace="com.dbteam.xml.login.LoginMapper">

    <resultMap id="logInResultMap" type="com.dbteam.common.dtopackage.UsersDTO">
        <id property="userNum" column="user_num"/>
        <result property="userName" column="user_name"/>
        <result property="userId" column="user_id"/>
        <result property="userPhone" column="user_phone"/>
        <result property="regionNum" column="region_num"/>
        <result property="adminRights" column="admin_rights"/>

    </resultMap>
    <insert id="insertUser" parameterType="com.dbteam.common.dtopackage.UsersDTO">
        INSERT INTO users (
                            user_name
                            ,user_id
                            ,user_phone
                            ,region_num

        )
        VALUES (
            #{ userName }
        , #{ userId }
        , #{ userPhone }
        , #{ regionNum }

        )
    </insert>

    <select id="logIn" parameterType="com.dbteam.common.dtopackage.UsersDTO" resultMap="logInResultMap">
        SELECT user_id, admin_rights
        FROM users
        WHERE user_id = #{ userId }
    </select>
</mapper>